Timestamp,Temperature,Humidity,WaveLength1,WaveLength2,Occupants,Activity,DoorState,WindowState,Group,Index
2016-03-15 08:40:00,20.646875000000005,40.42849999999999,192.57183333333344,560.4333333333336,0.0,0.0,0.0,0.0,0.0,0
2016-03-15 08:50:00,20.638916666666674,40.46584166666666,193.76124999999996,569.2883333333334,0.0,0.0,0.0,0.0,0.0,1
2016-03-15 09:00:00,20.661350574712635,40.47740833333332,197.28616666666673,586.8869841269841,0.0,0.0,0.0,0.0,0.0,2
2016-03-15 09:10:00,20.72441666666666,40.446659153005456,200.13108333333332,611.7233333333331,0.0,0.0,0.0,0.0,0.0,3
2016-03-15 09:20:00,20.77908606557377,40.43725655737705,202.33762711864398,634.8383333333336,1.0,1.0,0.0,0.0,0.0,4
2016-03-15 09:30:00,20.939162568306,41.47266284153005,200.51133333333337,625.1783333333335,2.0,2.0,0.0,0.0,0.0,5
2016-03-15 09:40:00,20.972499999999997,42.45393019125683,203.2994139344262,635.2090983606556,2.0,1.0,0.0,0.0,0.0,6
2016-03-15 09:50:00,20.972756467439787,43.09376539548023,204.82459016393446,640.6100648112845,2.0,1.0,0.0,0.0,0.0,7
2016-03-15 10:00:00,20.992719945355205,43.61525805539852,205.25754098360653,646.8938524590164,2.0,1.0,0.0,0.0,0.0,8
2016-03-15 10:10:00,21.046749999999996,44.313416666666676,202.78680327868852,643.2363156432342,2.0,3.0,0.0,0.0,0.0,9
2016-03-15 10:20:00,21.10838276836158,44.85358208955226,204.34743502824858,654.2872727272729,2.0,3.0,0.0,0.0,0.0,10
2016-03-15 10:30:00,21.026299180327868,44.51457663934427,206.95274999999998,648.6383333333335,0.0,0.0,0.0,0.0,0.0,11
2016-03-15 10:40:00,20.96966666666667,43.99046666666666,205.2381666666667,635.6433333333332,0.0,0.0,0.0,0.0,0.0,12
2016-03-15 10:50:00,20.945677966101698,43.60504918032788,210.5105043067519,674.1204779105309,0.0,0.0,0.0,0.0,0.0,13
2016-03-15 11:00:00,20.926250000000007,43.285544444444454,208.11808333333332,655.6022222222223,0.0,0.0,0.0,0.0,1.0,14
2016-03-15 11:10:00,20.926837301587305,43.08602704918033,206.24350282485887,642.6830225988699,0.0,0.0,0.0,0.0,1.0,15
2016-03-15 11:20:00,20.941759887005645,42.999275,204.38283050847457,630.507966101695,0.0,0.0,0.0,0.0,1.0,16
2016-03-15 11:30:00,20.944272598870043,42.943506830601116,203.65000584453537,633.1516666666668,0.0,0.0,0.0,0.0,1.0,17
2016-03-15 11:40:00,21.025618644067787,43.17133602150538,207.07233333333335,660.0233333333332,1.0,1.0,0.0,0.0,1.0,18
2016-03-15 11:50:00,21.07322814207651,43.34629505005564,217.00033743169408,732.4469398907104,1.0,1.0,0.0,0.0,1.0,19
2016-03-15 12:00:00,21.067562146892662,43.68521087570622,220.37580191256828,779.1614480874314,1.0,2.0,0.0,0.0,1.0,20
2016-03-15 12:10:00,21.081954949944382,43.54441539316477,256.3543045977012,1066.967356321839,0.0,0.0,0.0,0.0,1.0,21
2016-03-15 12:20:00,21.11833333333334,43.31510833333331,268.4879166666666,1171.2366666666667,0.0,0.0,0.0,0.0,1.0,22
2016-03-15 12:30:00,21.157213114754107,43.02966101694916,245.424745762712,984.4779661016952,0.0,0.0,0.0,0.0,2.0,23
2016-03-15 12:40:00,21.12995081967214,43.0455319672131,217.92737704918028,766.050819672131,1.0,1.5,0.0,0.0,2.0,24
2016-03-15 12:50:00,21.261083333333325,44.20580000000001,205.83273224043717,678.9983333333334,2.0,3.0,0.0,0.0,2.0,25
2016-03-15 13:00:00,21.141056497175146,44.09801010928961,203.08333333333331,638.9978248587572,0.0,0.0,0.0,0.0,2.0,26
2016-03-15 14:30:00,21.077931034482763,43.03593103448275,202.45,608.0295081967215,0.0,0.0,0.0,0.0,3.0,35
2016-03-15 14:40:00,21.06214480874317,43.022664344262296,205.39787643678156,639.9710344827586,0.0,0.0,0.0,0.0,3.0,36
2016-03-15 14:50:00,21.114855850763142,43.00585570944038,207.02697457627121,659.9882485875705,2.0,1.0,0.0,0.0,3.0,37
2016-03-15 15:00:00,21.370007062146904,43.65442740112995,209.92051977401124,697.4412146892655,2.0,3.0,0.0,0.0,3.0,38
2016-03-15 15:10:00,21.410775862068977,44.25903939714438,197.20451886276655,579.3654729360305,2.0,4.0,0.0,0.0,3.0,39
2016-03-15 15:20:00,21.422546448087438,44.67289971751413,194.34461378160597,548.2542665108124,2.0,4.0,0.0,0.0,3.0,40
2016-03-15 15:30:00,21.276522046353865,44.571015355603436,193.13475564971756,545.8660382513661,0.0,0.0,0.0,0.0,3.0,41
2016-03-15 15:40:00,21.228852459016384,44.34628333333333,192.22606557377057,548.78,0.0,0.0,0.0,0.0,3.0,42
2016-03-15 15:50:00,21.159610655737715,44.046931292188994,191.36301611558764,541.750013892748,0.0,0.0,0.0,0.0,4.0,43
2016-03-15 16:00:00,21.14994696969697,43.98486666666669,190.10716666666664,534.1366666666667,0.0,0.0,0.0,0.0,4.0,44
2016-03-15 16:10:00,21.125774309723887,43.806780637254896,189.18076948812308,524.8820251177392,1.0,2.0,0.0,0.0,4.0,45
2016-03-15 16:20:00,21.251762295081953,44.54309234972678,185.17783333333335,502.6403107344631,2.0,4.0,0.0,0.0,4.0,46
2016-03-15 16:30:00,21.144098360655743,44.705838709677415,143.01135135135132,370.9837837837839,0.0,0.0,0.0,0.0,4.0,47
2016-03-16 08:40:00,20.596500000000013,41.18510000000001,230.47533333333328,806.5333333333333,0.0,0.0,0.0,0.0,5.0,144
2016-03-16 08:50:00,20.616295197740122,41.21926666666667,237.08169632768355,882.2728531073446,0.0,0.0,0.0,0.0,5.0,145
2016-03-16 09:00:00,20.65574999999999,41.22156666666665,232.63719632768357,813.51,0.0,0.0,0.0,0.0,5.0,146
2016-03-16 09:10:00,20.719998633879776,41.226038387978136,232.18974999999998,802.5391256830601,0.0,0.0,0.0,0.0,5.0,147
2016-03-16 09:20:00,20.74391666666667,41.25020833333333,231.3203333333333,794.688333333333,0.0,0.0,0.0,0.0,5.0,148
2016-03-16 09:30:00,20.747962365591402,41.306565536723156,233.01066666666657,815.2733333333332,0.0,0.0,0.0,0.0,5.0,149
2016-03-16 09:40:00,20.740249999999996,41.36642499999999,229.3698333333334,775.061666666667,0.0,0.0,0.0,0.0,5.0,150
2016-03-16 09:50:00,20.913499999999985,44.03639166666665,232.9875833333333,821.4449999999998,2.0,2.0,0.0,0.0,5.0,151
2016-03-16 10:00:00,20.930583333333345,45.187608333333344,250.54775000000006,994.2076775956282,2.0,1.0,0.0,0.0,5.0,152
2016-03-16 10:10:00,20.980249999999984,45.87477500000001,249.44050000000004,993.0250000000001,2.0,1.0,0.0,0.0,5.0,153
2016-03-16 10:20:00,21.146333333333345,46.64982288135593,249.76191666666674,1018.8714124293787,2.0,2.0,0.0,0.0,5.0,154
2016-03-16 10:30:00,21.20866666666666,46.83794166666668,268.41599999999994,1192.588333333333,2.0,4.0,0.0,0.0,5.0,155
2016-03-16 10:40:00,21.22751092896175,46.9986,253.7928019125683,1031.3470218579237,2.0,4.0,0.0,0.0,5.0,156
2016-03-16 10:50:00,21.153583333333337,46.75365000000001,258.70191666666653,1058.23,0.0,0.0,0.0,0.0,5.0,157
2016-03-16 11:00:00,21.13725,45.98915669398906,277.2786624293786,1232.6785773826064,0.0,0.0,0.0,0.0,5.0,158
2016-03-16 11:10:00,21.162833333333335,45.398191666666655,295.32150000000007,1371.2216666666668,0.0,0.0,0.0,0.0,5.0,159
2016-03-16 11:20:00,21.196857142857148,45.01846666666667,304.0014047619047,1433.5407142857146,0.0,0.0,0.0,0.0,5.0,160
2016-03-16 11:30:00,21.242443502824855,44.558627966101696,312.9153565573771,1515.9300000000003,0.0,0.0,0.0,0.0,6.0,161
2016-03-16 11:40:00,21.26330737704918,44.20957786885248,312.88816530054646,1501.8377868852458,0.0,0.0,0.0,0.0,6.0,162
2016-03-16 11:50:00,21.33616666666667,44.41507500000003,264.0120833333334,1082.0733333333333,2.0,2.0,0.0,0.0,6.0,163
2016-03-16 12:00:00,21.339916666666664,44.99736228813559,239.85825,869.8216666666668,2.0,1.0,0.0,0.0,6.0,164
2016-03-16 12:10:00,21.356916666666663,45.32594999999999,247.58358333333342,925.175,2.0,1.0,0.0,0.0,6.0,165
2016-03-16 12:20:00,21.403999999999996,45.20956666666667,332.71316666666655,1628.4383333333333,0.0,0.0,0.0,0.0,6.0,166
2016-03-16 12:30:00,21.40046774193548,44.85089327956989,341.1909166666668,1696.863333333334,0.0,0.0,0.0,0.0,6.0,167
2016-03-16 12:40:00,21.42369444444444,44.49996666666668,343.10709051724143,1706.2827586206895,0.0,0.0,0.0,0.0,7.0,168
2016-03-16 12:50:00,21.47908333333334,44.359308333333324,341.4647500000001,1703.4950000000003,1.0,3.0,0.0,0.0,7.0,169
2016-03-16 13:00:00,21.49808333333334,44.18665833333334,295.4404166666667,1274.2383333333337,0.0,0.0,0.0,0.0,7.0,170
2016-03-16 13:10:00,21.45923076923077,44.045816666666646,313.90153846153856,1430.8653846153843,0.0,0.0,0.0,0.0,7.0,171
2016-03-16 14:20:00,21.50721468926554,42.219104371584706,345.5542295081967,1738.3091969991665,0.0,0.0,0.0,0.0,8.0,178
2016-03-16 14:30:00,21.521639344262297,42.146153098082806,345.7295847457628,1749.8406284153004,0.0,0.0,0.0,0.0,8.0,179
2016-03-16 14:40:00,21.534333333333333,42.04246721311477,341.54870355191247,1733.0820491803283,0.0,0.0,0.0,0.0,8.0,180
2016-03-16 14:50:00,21.514619841718485,42.02153764367817,311.9071926229509,1495.3119540229882,0.0,0.0,0.0,0.0,8.0,181
2016-03-16 15:00:00,21.57629480411225,41.834376129943514,310.72320056497176,1501.8590677966101,0.0,0.0,0.0,0.0,8.0,182
2016-03-16 15:10:00,21.668421783828848,41.945575000000005,259.536,1036.0733333333333,2.0,1.0,0.0,0.0,8.0,183
2016-03-16 15:20:00,21.731953703703702,42.28569722222221,284.6906229508197,1309.8412021857923,2.0,1.0,0.0,0.0,8.0,184
2016-03-16 15:30:00,21.912020005557096,42.90402445123645,298.7455409604521,1508.9897175141243,2.0,2.0,0.0,0.0,8.0,185
2016-03-16 15:40:00,21.94191666666667,43.4176831967213,290.85508333333314,1459.0433333333333,2.0,2.0,0.0,0.0,8.0,186
2016-03-16 15:50:00,21.787750000000003,43.38031666666667,289.86933333333343,1484.956666666667,0.0,0.0,0.0,0.0,8.0,187
2016-03-16 16:00:00,21.646500000000003,43.208833333333345,216.14316666666667,674.3216666666665,0.0,0.0,0.0,0.0,8.0,188
2016-03-16 16:10:00,21.588249999999988,43.11276666666667,213.77672988505748,680.2131034482759,0.0,0.0,0.0,0.0,9.0,189
2016-03-16 16:20:00,21.65001977401129,43.13460989163657,220.40458333333328,857.8616666666667,1.0,4.0,0.0,0.0,9.0,190
2016-03-16 16:30:00,21.523333333333333,43.04223333333336,203.8563333333333,573.0066666666665,0.0,0.0,0.0,0.0,9.0,191
2016-03-17 11:20:00,21.46816666666668,42.6366779661017,291.1372881355932,1294.315254237288,0.0,0.0,0.0,0.0,10.0,304
2016-03-17 11:30:00,21.478166666666674,42.55604166666666,297.1071666666666,1336.9516666666668,0.0,0.0,0.0,0.0,10.0,305
2016-03-17 11:40:00,21.539281073446325,42.48417697740113,298.5236666666667,1354.5215300546447,1.0,3.0,0.0,0.0,10.0,306
2016-03-17 11:50:00,21.726943595443174,42.59379661016948,303.41592759562855,1392.1799453551914,1.0,1.0,0.0,0.0,10.0,307
2016-03-17 12:00:00,21.81308333333333,42.691441666666705,307.75,1421.4,1.0,1.0,0.0,0.0,10.0,308
2016-03-17 12:10:00,21.831074858757056,42.77781355932205,315.0949166666666,1477.4049999999997,0.5,0.0,0.0,0.0,10.0,309
2016-03-17 12:20:00,21.80101229508197,42.67692500000001,323.5487964480874,1529.9386338797813,0.0,0.0,0.0,0.0,10.0,310
2016-03-17 12:30:00,21.797333333333334,42.58751923076925,326.7867307692308,1549.492307692307,0.0,0.0,0.0,0.0,10.0,311
2016-03-17 12:40:00,21.805666666666667,42.46325,330.73674999999986,1580.2150000000001,0.0,0.0,0.0,0.0,11.0,312
2016-03-17 12:50:00,21.936199152542372,42.5233488700565,321.80294248402333,1562.6311197554883,2.0,2.0,0.0,0.0,11.0,313
2016-03-17 13:00:00,21.986750000000015,43.06606666666666,341.7155833333335,1662.3633333333335,0.0,0.0,0.0,0.0,11.0,314
2016-03-17 13:10:00,21.93933333333333,42.91851923076922,343.9048333333334,1680.6428571428569,0.0,0.0,0.0,0.0,12.0,315
2016-03-17 13:20:00,21.93933333333333,42.741158333333345,347.3204166666666,1708.976666666667,0.0,0.0,0.0,0.0,12.0,316
2016-03-17 13:30:00,21.950809947207564,42.58380382513661,347.2411525423728,1712.5397175141238,0.0,0.0,0.0,0.0,12.0,317
2016-03-17 13:40:00,22.053833333333344,42.63977499999999,340.03458333333316,1669.9916666666666,1.0,1.0,0.0,0.0,12.0,318
2016-03-17 13:50:00,22.112583333333326,42.79416666666667,339.9984999999998,1674.2925409836068,1.0,1.0,0.0,0.0,12.0,319
2016-03-17 14:00:00,22.153249999999993,43.01571666666667,337.88444672131146,1669.7069945355192,1.0,3.0,0.0,0.0,12.0,320
2016-03-17 14:10:00,22.146249999999988,42.92195833333332,346.3218333333334,1728.4500000000003,0.0,0.0,0.0,0.0,12.0,321
2016-03-17 14:20:00,22.137999999999987,42.76523333333336,345.54766666666666,1729.9066666666663,0.0,0.0,0.0,0.0,12.0,322
2016-03-17 14:30:00,22.14583333333334,42.54474999999999,342.85527777777764,1725.0000000000002,0.0,0.0,0.0,0.0,13.0,323
2016-03-17 14:40:00,22.140416666666653,42.50423333333333,338.4766666666667,1702.2683333333334,0.0,0.0,0.0,0.0,13.0,324
2016-03-17 14:50:00,22.200416666666676,42.645908333333345,322.92774999999995,1631.1983333333337,2.0,2.0,0.0,0.0,13.0,325
2016-03-17 15:00:00,22.24300000000002,43.239900000000006,325.8815000000001,1650.8249999999994,0.0,0.0,0.0,0.0,13.0,326
2016-03-17 15:10:00,22.20850000000001,43.20416666666667,323.1196666666667,1635.8366666666664,0.0,0.0,0.0,0.0,13.0,327
2016-03-18 09:00:00,20.968749999999993,40.44608333333333,223.7984166666667,784.9516666666666,0.0,0.0,0.0,0.0,14.0,434
2016-03-18 09:10:00,20.982666666666667,40.47933333333333,227.11816666666664,810.9799999999998,0.0,0.0,0.0,0.0,14.0,435
2016-03-18 09:20:00,21.016416666666668,40.49890000000002,230.92849999999999,844.3299999999999,0.0,0.0,0.0,0.0,14.0,436
2016-03-18 09:30:00,21.10950000000001,40.878041666666675,231.27324999999996,856.9416666666662,1.0,2.0,0.0,0.0,14.0,437
2016-03-18 09:40:00,21.23157834101382,41.230947333772214,237.43677777777782,901.1399999999999,1.0,1.0,0.0,0.0,14.0,438
2016-03-18 09:50:00,21.29533333333334,41.586483333333334,240.43991666666662,924.8683333333333,1.0,1.0,0.0,0.0,14.0,439
2016-03-18 10:00:00,21.361749999999994,41.95268961748636,247.0475833333333,973.0916666666662,1.0,2.0,0.0,0.0,14.0,440
2016-03-18 10:10:00,21.392583333333334,42.15686666666667,249.2381666666667,993.2166666666667,1.0,4.0,0.0,0.0,14.0,441
2016-03-18 10:20:00,21.439666666666668,42.35026666666665,253.99899999999997,1029.135,1.0,4.0,0.0,0.0,14.0,442
2016-03-18 10:30:00,21.458083333333327,42.42693333333335,263.9776666666668,1099.0549999999998,0.0,0.0,0.0,0.0,14.0,443
2016-03-18 10:40:00,21.424166666666675,42.24153333333334,270.0109999999999,1145.1700000000003,0.0,0.0,0.0,0.0,14.0,444
2016-03-18 10:50:00,21.45052631578947,42.056295557442,275.3278789042499,1191.3423558897243,0.0,0.0,0.0,0.0,14.0,445
2016-03-18 11:00:00,21.500196236559127,41.867658333333345,280.72624999999994,1232.0025409836067,0.0,0.0,0.0,0.0,14.0,446
2016-03-18 11:10:00,21.541734848484843,41.692191666666666,287.2449337442217,1280.9121725731895,0.0,0.0,0.0,0.0,15.0,447
2016-03-18 11:20:00,21.564131147540984,41.573524137931045,292.9728591954024,1325.1899425287356,0.0,0.0,0.0,0.0,15.0,448
2016-03-18 11:30:00,21.590166666666676,41.49070875706212,295.04094209039556,1338.4551129943502,0.0,0.0,0.0,0.0,15.0,449
2016-03-18 11:40:00,21.61950000000001,41.418825,302.03541666666666,1397.7866666666673,0.0,0.0,0.0,0.0,15.0,450
2016-03-18 11:50:00,21.670249999999996,41.464375000000004,301.36983333333336,1398.208333333333,1.0,4.0,0.0,0.0,15.0,451
2016-03-18 12:00:00,21.792333333333346,41.80349999999999,304.94186016949146,1424.447824858757,1.0,4.0,0.0,0.0,15.0,452
2016-03-18 12:10:00,21.85484289617486,42.10939010836343,310.02403005464475,1470.473579234973,1.0,3.0,0.0,0.0,15.0,453
2016-03-18 12:20:00,21.92349999999999,42.29726666666667,317.42688114754105,1524.575109289618,1.0,1.5,0.0,0.0,15.0,454
2016-03-18 12:30:00,21.990658469945352,42.57564740437158,319.1793333333334,1530.8416666666662,1.0,1.0,0.0,0.0,15.0,455
2016-03-18 12:40:00,22.0355,42.77622499999999,322.29791666666677,1556.7549999999997,1.0,1.5,0.0,0.0,15.0,456
2016-03-18 12:50:00,22.09025000000001,42.854816666666665,327.73833333333334,1602.0266666666666,1.0,2.0,0.0,0.0,15.0,457
2016-03-18 13:00:00,22.053583333333336,42.71979166666668,332.85591666666653,1617.1299999999999,0.0,0.0,0.0,0.0,15.0,458
2016-03-18 13:10:00,22.054038461538465,42.558702542372885,339.89674527112237,1670.8818411097097,0.0,0.0,0.0,0.0,15.0,459
2016-03-18 13:20:00,22.06008333333334,42.39087499999998,343.1788333333334,1698.3200000000006,0.0,0.0,0.0,0.0,15.0,460
2016-03-18 13:30:00,22.072416666666673,42.30160833333335,346.21349999999995,1719.1350000000002,0.0,0.0,0.0,0.0,15.0,461
2016-03-21 08:40:00,20.744000000000003,42.32113333333333,206.0,612.1066666666667,0.0,0.0,0.0,0.0,16.0,864
2016-03-21 08:50:00,20.76023446327683,42.352250000000005,205.61641091954021,614.0680200222467,0.0,0.0,0.0,0.0,16.0,865
2016-03-21 09:00:00,20.765520114942532,42.367675000000006,203.4000344827587,590.872140120416,0.0,0.0,0.0,0.0,16.0,866
2016-03-21 09:10:00,20.762367647058824,42.42927741935484,203.8582500000001,592.7731372549022,0.0,0.0,0.0,0.0,16.0,867
2016-03-21 09:20:00,20.780603448275862,42.627989942528735,205.81251984126985,607.8021382007821,1.0,2.0,0.0,0.0,16.0,868
2016-03-21 09:30:00,20.86505973881634,43.03189400791409,203.38733870967746,576.9610122358175,1.0,2.0,0.0,0.0,16.0,869
2016-03-21 09:40:00,20.879322033898305,43.57964124293784,201.5594533898305,557.524548022599,1.0,1.0,0.0,0.0,16.0,870
2016-03-21 09:50:00,20.90116290983607,43.91457265907195,199.18211016949152,537.2709039548023,1.0,3.0,0.0,0.0,16.0,871
2016-03-21 10:00:00,20.974295081967206,44.37836748633881,200.01108333333326,543.0300000000001,1.0,1.0,0.0,0.0,16.0,872
2016-03-21 10:10:00,20.99889035087718,44.719301912568284,200.4638333333333,543.6049999999999,1.0,1.0,0.0,0.0,16.0,873
2016-03-21 10:20:00,20.999249999999993,45.00371666666665,200.84886202185788,548.7033333333334,1.0,3.0,0.0,0.0,16.0,874
2016-03-21 10:30:00,20.954130864895426,44.92797571022727,200.51571751412422,540.9684687317359,0.0,0.0,0.0,0.0,16.0,875
2016-03-21 10:40:00,20.911967213114757,44.66854453551912,200.18704918032785,539.2639071038252,0.0,0.0,0.0,0.0,16.0,876
2016-03-21 10:50:00,20.88739548022599,44.462316666666645,200.69605084745763,543.8349999999998,0.0,0.0,0.0,0.0,16.0,877
2016-03-21 11:00:00,20.886250000000004,44.281416120218594,202.17841666666666,557.4433333333332,0.0,0.0,0.0,0.0,16.0,878
2016-03-21 11:10:00,20.93083333333333,44.1105,207.5466666666665,605.4366666666667,0.0,0.0,0.0,0.0,17.0,879
2016-03-21 11:20:00,20.98785451977401,43.92042457627119,210.54047457627115,634.648615819209,0.0,0.0,0.0,0.0,17.0,880
2016-03-21 11:30:00,21.018416666666667,43.824799999999996,213.39333333333332,661.2116666666666,0.0,0.0,0.0,0.0,17.0,881
2016-03-21 11:40:00,21.038000000000004,44.340458333333316,207.17897598870059,625.6955084745763,2.0,2.0,0.0,0.0,17.0,882
2016-03-21 11:50:00,21.15441554646406,46.27249248223072,208.7036737288135,641.5691379310344,2.0,3.0,0.0,0.0,17.0,883
2016-03-21 12:00:00,21.224248402333988,47.515324999999976,210.49233615819202,662.5052542372883,2.0,3.0,0.0,0.0,17.0,884
2016-03-21 12:10:00,21.260416666666664,48.130761440677965,217.92958333333343,723.5033333333336,2.0,1.5,0.0,0.0,17.0,885
2016-03-21 12:20:00,21.154054644808753,47.66045,228.05685382513673,798.8170218579235,0.0,0.0,0.0,0.0,17.0,886
2016-03-21 12:30:00,21.137058905251465,47.115087841530055,239.24568502824854,894.8998360655739,0.0,0.0,0.0,0.0,17.0,887
2016-03-21 12:40:00,21.141525423728822,46.50354237288135,233.79966101694905,844.2949152542371,0.0,0.0,0.0,0.0,18.0,888
2016-03-21 12:50:00,21.194926553672317,46.18027213114753,241.58808419005274,912.11903306474,0.0,0.0,0.0,0.0,18.0,889
2016-03-21 13:00:00,21.330918079096044,46.1688559322034,239.26398446327687,878.1016666666666,1.0,1.0,0.0,0.0,18.0,890
2016-03-21 13:10:00,21.356101694915257,45.93646666666666,302.7173770491804,1404.7344262295082,0.0,0.0,0.0,0.0,18.0,891
2016-03-21 14:50:00,21.22639344262295,44.99739999999999,197.11864406779665,510.0633333333332,0.0,0.0,0.0,0.0,19.0,901
2016-03-21 15:00:00,21.197959677419348,45.01375,197.31315229885058,513.5516666666667,0.0,0.0,0.0,0.0,19.0,902
2016-03-21 15:10:00,21.22466101694915,45.35391233676022,196.71747013059183,517.149152542373,1.0,2.0,0.0,0.0,19.0,903
2016-03-21 15:20:00,21.24963471654004,45.749606557377064,197.0834426229507,523.4645279819107,1.0,3.0,0.0,0.0,19.0,904
2016-03-21 15:30:00,21.26190710382514,46.166882183908044,199.3620734463276,537.0694915254237,1.0,3.0,0.0,0.0,19.0,905
2016-03-21 15:40:00,21.221461748633885,46.252112704918034,201.63605631940766,544.4357650273224,0.0,0.0,0.0,0.0,19.0,906
2016-03-21 15:50:00,21.186416666666666,46.0904,201.09391666666653,538.0466666666666,0.0,0.0,0.0,0.0,19.0,907
2016-03-21 16:00:00,21.188166666666667,45.90597457627118,200.7534959016392,532.5442622950818,0.0,0.0,0.0,0.0,20.0,908
2016-03-21 16:10:00,21.31662021857923,45.87162131147541,203.26838983050845,557.1489580439011,2.0,1.0,0.0,0.0,20.0,909
2016-03-21 16:20:00,21.403589886079466,46.29974011299436,205.55062841530065,575.073524590164,0.0,0.0,0.0,0.0,20.0,910
2016-03-21 16:30:00,21.377166666666664,46.183616666666666,211.03425531914888,619.4340425531915,0.0,0.0,0.0,0.0,20.0,911
2016-03-22 08:40:00,20.829005464480886,44.13848333333333,214.74537704918026,620.5513114754098,0.0,0.0,0.0,0.0,21.0,1008
2016-03-22 08:50:00,20.846500000000002,44.11442500000001,221.73933333333343,689.2333333333333,0.0,0.0,0.0,0.0,21.0,1009
2016-03-22 09:00:00,20.87724999999999,44.06836037788274,230.28586338797828,766.8966666666665,0.0,0.0,0.0,0.0,21.0,1010
2016-03-22 09:10:00,20.917554597701148,44.01275000000003,232.85616666666664,791.0466666666666,0.0,0.0,0.0,0.0,21.0,1011
2016-03-22 09:20:00,21.07989302584051,44.48748041122535,230.19160734463284,781.7373224043715,2.0,3.0,0.0,0.0,21.0,1012
2016-03-22 09:30:00,21.273249999999987,45.58687500000001,233.1420833333333,808.7949999999998,2.0,3.0,0.0,0.0,21.0,1013
2016-03-22 09:40:00,21.343666666666657,46.48361666666665,241.7140833333333,867.905,2.0,1.0,0.0,0.0,21.0,1014
2016-03-22 09:50:00,21.36091666666666,47.029708333333346,240.87947580645164,863.1899999999997,2.0,1.0,0.0,0.0,21.0,1015
2016-03-22 10:00:00,21.37966666666666,47.504158333333336,235.1644999999998,810.4816666666668,2.0,1.0,0.0,0.0,21.0,1016
2016-03-22 10:10:00,21.411833333333327,47.96285,239.92825000000002,860.0466666666667,2.0,2.0,0.0,0.0,21.0,1017
2016-03-22 10:20:00,21.41666666666667,47.97202499999999,254.66700000000003,970.0249999999997,0.0,0.0,0.0,0.0,21.0,1018
2016-03-22 10:30:00,21.267499999999995,47.5514,225.70091666666656,721.5866666666667,0.0,0.0,0.0,0.0,21.0,1019
2016-03-22 10:40:00,21.250833333333333,47.15158333333332,226.93991666666665,737.9550000000002,0.0,0.0,0.0,0.0,21.0,1020
2016-03-22 10:50:00,21.29933333333333,46.731350000000006,232.08842317310376,776.71,0.0,0.0,0.0,0.0,21.0,1021
2016-03-22 11:00:00,21.31916666666666,46.55350833333334,230.32341666666673,756.7766666666666,0.0,0.0,0.0,0.0,21.0,1022
2016-03-22 11:20:00,21.383125,45.71685040983607,283.7973574561403,1213.1995614035086,0.0,0.0,0.0,0.0,22.0,1024
2016-03-22 11:30:00,21.372583333333335,45.45899166666668,263.6070833333334,1008.5883333333336,0.0,0.0,0.0,0.0,22.0,1025
2016-03-22 11:40:00,21.385999999999996,45.351666666666674,221.77408333333338,687.8533333333334,1.0,2.0,0.0,0.0,22.0,1026
2016-03-22 11:50:00,21.404333333333337,45.681075,211.38166666666666,606.4716666666666,1.0,1.0,0.0,0.0,22.0,1027
2016-03-22 12:00:00,21.424611581920907,45.986850000000004,213.1328799435029,615.3149717514125,1.0,1.0,0.0,0.0,22.0,1028
2016-03-22 12:10:00,21.415916666666668,46.162241666666645,215.9311803278688,632.385,0.0,0.0,0.0,0.0,22.0,1029
2016-03-22 12:20:00,21.330083333333334,46.09517499999998,213.17958333333337,604.2483333333333,0.0,0.0,0.0,0.0,22.0,1030
2016-03-22 12:30:00,21.307499999999997,46.01286666666665,213.73833333333337,607.7366666666668,0.0,0.0,0.0,0.0,22.0,1031
2016-03-22 12:40:00,21.298916666666663,45.847358333333325,219.89300000000006,671.3699999999999,0.0,0.0,0.0,0.0,23.0,1032
2016-03-22 12:50:00,21.30233333333333,45.75224166666664,219.8919863387979,664.3443169398906,0.0,0.0,0.0,0.0,23.0,1033
2016-03-22 13:00:00,21.472314516129035,47.16123252688172,209.89669354838708,593.9675806451612,2.0,3.0,0.0,0.0,23.0,1034
2016-03-22 13:10:00,21.321916666666652,47.317499999999995,160.98749999999995,443.13333333333327,0.0,0.0,0.0,0.0,23.0,1035
2016-03-22 13:20:00,21.240916666666664,47.06776666666666,159.60733333333332,430.3683333333333,0.0,0.0,0.0,0.0,23.0,1036
2016-03-22 13:30:00,21.185433615819214,46.89474999999999,159.7385,431.94691256830595,0.0,0.0,0.0,0.0,23.0,1037
2016-03-22 13:40:00,21.150666666666677,46.72433333333335,159.46499999999995,431.6333333333334,0.0,0.0,0.0,0.0,23.0,1038
2016-03-22 14:30:00,21.197499999999994,45.80760833333333,210.4526666666667,569.3609649122807,0.0,0.0,0.0,0.0,24.0,1043
2016-03-22 14:40:00,21.20858333333333,45.77139166666666,207.2601775956283,542.5316666666669,0.0,0.0,0.0,0.0,24.0,1044
2016-03-22 14:50:00,21.21254918032787,45.69562226775956,206.0705833333333,535.8759604519771,0.0,0.0,0.0,0.0,24.0,1045
2016-03-22 15:00:00,21.379333333333342,46.04583333333333,204.82049999999995,547.2850000000001,2.0,4.0,0.0,0.0,24.0,1046
2016-03-22 15:10:00,21.43849999999999,46.67899166666666,210.26158333333328,595.3550000000002,2.0,4.0,0.0,0.0,24.0,1047
2016-03-22 15:20:00,21.55492090395481,47.38219491525424,226.73590677966106,742.0293785310733,2.0,2.0,0.0,0.0,24.0,1048
2016-03-22 15:30:00,21.47790710382514,47.28362211725481,243.439372881356,846.0197554876354,0.0,0.0,0.0,0.0,24.0,1049
2016-03-22 15:40:00,21.402166666666677,47.00288333333333,221.2145,659.1033333333336,0.0,0.0,0.0,0.0,24.0,1050
2016-03-22 15:50:00,21.372,46.75617951977403,208.4424745762712,557.9436158192091,0.0,0.0,0.0,0.0,25.0,1051
2016-03-22 16:00:00,21.412583333333338,46.51071992220063,203.56725956284163,518.3576271186441,0.0,0.0,0.0,0.0,25.0,1052
2016-03-22 16:10:00,21.585860169491525,46.805458050847434,200.58762288135594,513.0377401129945,2.0,4.0,0.0,0.0,25.0,1053
2016-03-22 16:20:00,21.564745762711865,46.98072881355931,201.7345901639345,506.8433333333333,0.0,0.0,0.0,0.0,25.0,1054
2016-03-23 09:00:00,20.95533333333333,44.61758333333332,222.00016666666676,652.3566666666665,0.0,0.0,0.0,0.0,26.0,1154
2016-03-23 09:10:00,20.990818306010922,44.57750833333334,224.17874999999995,673.2392053348153,0.0,0.0,0.0,0.0,26.0,1155
2016-03-23 09:20:00,21.029000000000003,44.55355833333334,229.2014999999999,717.715,0.0,0.0,0.0,0.0,26.0,1156
2016-03-23 09:30:00,21.067750000000018,44.53194166666666,239.77183333333318,820.0649999999998,0.0,0.0,0.0,0.0,26.0,1157
2016-03-23 09:40:00,21.084500000000013,44.550166666666684,239.42691666666656,816.3083333333332,0.0,0.0,0.0,0.0,26.0,1158
2016-03-23 09:50:00,21.186140155728584,46.627328494623654,236.36087903225814,793.0139043381535,2.0,4.0,0.0,0.0,26.0,1159
2016-03-23 10:00:00,21.25249999999999,48.37090833333333,244.30975000000004,865.1833333333334,2.0,4.0,0.0,0.0,26.0,1160
2016-03-23 10:10:00,21.414562146892656,49.304493169398924,246.71470547374264,906.8321857923497,2.0,2.0,0.0,0.0,26.0,1161
2016-03-23 10:20:00,21.43691666666667,49.98922499999999,244.74558743169408,865.26,2.0,1.0,0.0,0.0,26.0,1162
2016-03-23 10:30:00,21.468083333333325,50.21365833333333,250.61916666666667,914.3266666666668,2.0,1.0,0.0,0.0,26.0,1163
2016-03-23 10:40:00,21.54558333333333,50.55645833333335,246.82175000000007,897.7283333333334,2.0,2.0,0.0,0.0,26.0,1164
2016-03-23 10:50:00,21.542817449291466,50.58782853107348,245.81008333333335,877.105,0.0,0.0,0.0,0.0,26.0,1165
2016-03-23 11:00:00,21.442666666666675,49.990633333333356,241.9920381355932,838.025790960452,0.0,0.0,0.0,0.0,26.0,1166
2016-03-23 11:10:00,21.406803672316386,49.407716666666666,238.8918333333333,809.4466666666665,0.0,0.0,0.0,0.0,26.0,1167
2016-03-23 11:20:00,21.39508333333334,48.95535833333335,241.72558333333325,828.1916666666668,0.0,0.0,0.0,0.0,26.0,1168
2016-03-23 11:30:00,21.423634660421556,48.528499063231834,270.10501170960185,1077.5990163934425,0.0,0.0,0.0,0.0,27.0,1169
2016-03-23 11:40:00,21.49491666666666,48.08306666666666,283.5366666666668,1192.0133333333333,0.0,0.0,0.0,0.0,27.0,1170
2016-03-23 11:50:00,21.526416666666663,47.809316666666675,263.8935000000001,1016.6766666666665,0.0,0.0,0.0,0.0,27.0,1171
2016-03-23 12:00:00,21.5805,47.673224999999995,241.03633333333343,841.1483333333333,1.0,2.0,0.0,0.0,27.0,1172
2016-03-23 12:10:00,21.53547598870056,47.611883333333324,234.60708333333338,770.9599999999999,1.0,4.0,0.0,0.0,27.0,1173
2016-03-23 12:20:00,21.531249999999993,47.68881666666665,240.54674999999997,824.1666666666667,1.0,4.0,0.0,0.0,27.0,1174
2016-03-23 12:30:00,21.513499999999983,47.52172499999999,241.13008333333326,826.8500000000001,0.0,0.0,0.0,0.0,27.0,1175
2016-03-23 12:40:00,21.474083333333333,47.40299999999999,229.24631578947367,719.9585087719299,0.0,0.0,0.0,0.0,28.0,1176
2016-03-23 12:50:00,21.461500000000008,47.34522500000002,224.6435000000001,682.7198087431694,0.5,1.5,0.0,0.0,28.0,1177
2016-03-23 13:00:00,21.56166666666666,47.70964685792348,225.90466666666669,697.8583333333336,1.0,3.0,0.0,0.0,28.0,1178
2016-03-23 13:10:00,21.542166666666663,47.59311666666666,224.83416666666676,682.1800000000003,0.0,0.0,0.0,0.0,28.0,1179
2016-03-23 14:30:00,21.46550000000001,46.49864166666664,224.27408333333335,679.3433333333335,0.0,0.0,0.0,0.0,29.0,1187
2016-03-23 14:40:00,21.456124316939878,46.40910833333332,223.04559426229508,668.2901366120218,0.0,0.0,0.0,0.0,29.0,1188
2016-03-23 14:50:00,21.442916666666665,46.38835,217.91691666666674,622.4566666666667,0.0,0.0,0.0,0.0,29.0,1189
2016-03-23 15:00:00,21.589833333333328,47.428233333333324,211.55791666666656,586.9216666666669,2.0,3.0,0.0,0.0,29.0,1190
2016-03-23 15:10:00,21.62133333333334,48.167100000000005,213.2009999999999,586.9216666666666,2.0,4.0,0.0,0.0,29.0,1191
2016-03-23 15:20:00,21.667999999999996,48.558908333333335,213.54616666666655,589.7199999999999,2.0,1.0,0.0,0.0,29.0,1192
2016-03-23 15:30:00,21.583583333333323,48.48194166666666,221.9284166666666,657.1866666666668,0.0,0.0,0.0,0.0,29.0,1193
2016-03-23 15:40:00,21.556333333333328,48.12821666666668,230.9989999999999,734.7733333333334,0.0,0.0,0.0,0.0,29.0,1194
2016-03-23 15:50:00,21.598857142857145,47.71293103448276,295.23783333333336,1355.39,0.0,0.0,0.0,0.0,30.0,1195
2016-03-23 16:00:00,21.612499999999997,47.523574999999994,235.6668333333334,781.3483333333334,0.0,0.0,0.0,0.0,30.0,1196
2016-03-23 16:10:00,21.627000000000002,47.87781666666666,211.32144672131156,562.35,1.0,4.0,0.0,0.0,30.0,1197
2016-03-23 16:20:00,21.573333333333327,47.86234166666667,208.89291666666668,537.8933333333333,0.0,0.0,0.0,0.0,30.0,1198
2016-03-24 11:20:00,21.35771023468057,45.02185462842243,252.55129341483735,913.3275076410113,0.0,0.0,0.0,0.0,31.0,1312
2016-03-24 11:30:00,21.35803278688524,45.00497540983608,253.39291666666665,918.8877049180327,0.0,0.0,0.0,0.0,31.0,1313
2016-03-24 11:40:00,21.42799999999999,45.15559246031747,228.14308333333338,730.9783333333335,1.0,4.0,0.0,0.0,31.0,1314
2016-03-24 11:50:00,21.452802259887008,45.50231002824858,227.12206779661022,714.91406779661,1.0,4.0,0.0,0.0,31.0,1315
2016-03-24 12:00:00,21.50639890710382,45.88228477011492,245.53805747126438,875.09316091954,1.0,2.0,0.0,0.0,31.0,1316
2016-03-24 12:10:00,21.559027507641005,45.82738672316384,279.03381967213113,1159.7662021857918,0.0,0.0,0.0,0.0,31.0,1317
2016-03-24 12:20:00,21.46331451612903,45.681354943502825,232.26813135593227,754.1478676872607,0.0,0.0,0.0,0.0,31.0,1318
2016-03-24 12:30:00,21.446278688524593,45.57355669398906,228.14843306010923,717.8475423728813,0.0,0.0,0.0,0.0,32.0,1319
2016-03-24 12:40:00,21.44893046007403,45.511245977011484,233.1704576271187,765.6027595628418,0.5,1.0,0.0,0.0,32.0,1320
2016-03-24 12:50:00,21.556816939890705,45.66033606557377,226.40720338983053,720.3401074053138,1.0,2.0,0.0,0.0,32.0,1321
2016-03-24 13:00:00,21.440367486338797,45.663966666666674,224.73474043715848,696.571892655367,0.0,0.0,0.0,0.0,32.0,1322
2016-03-24 14:30:00,21.552250000000008,44.860883333333334,218.83341666666672,640.09,0.0,0.0,0.0,0.0,33.0,1331
2016-03-24 14:40:00,21.54716666666667,44.80970833333335,226.77341666666663,705.7549999999999,0.0,0.0,0.0,0.0,33.0,1332
2016-03-24 14:50:00,21.535060109289617,44.778285109289605,223.0507372881357,678.1664073353709,2.0,1.0,0.0,0.0,33.0,1333
2016-03-24 15:00:00,21.64816666666666,45.36409166666667,233.03749152542383,777.9749999999999,2.0,2.0,0.0,0.0,33.0,1334
2016-03-24 15:10:00,21.755871075298693,46.681691242937845,248.1192317310364,889.4686023895529,2.0,3.5,0.0,0.0,33.0,1335
2016-03-24 15:20:00,21.793114754098358,47.14925118088358,299.18876977401123,1440.526448087432,2.0,4.0,0.0,0.0,33.0,1336
2016-03-24 15:30:00,21.685871468926564,47.048433606557374,253.5979836065573,1000.5898633879783,0.0,0.0,0.0,0.0,33.0,1337
2016-03-24 15:40:00,21.61994730679157,46.8400238700565,217.23522638563617,620.9865339578455,0.0,0.0,0.0,0.0,33.0,1338
2016-03-24 15:50:00,21.58768852459015,46.69940319389487,209.2939768230639,557.7265969474281,0.0,0.0,0.0,0.0,34.0,1339
2016-03-24 16:00:00,21.678564207650275,46.621619491525415,206.6885240112996,551.2658192090394,1.0,2.0,0.0,0.0,34.0,1340
2016-03-24 16:10:00,21.609833333333327,46.59223155737703,211.21453672316386,572.4699999999998,0.0,0.0,0.0,0.0,34.0,1341
2016-03-29 07:50:00,20.579999999999995,47.41184562146894,205.20493785310737,678.8404519774011,0.0,0.0,1.0,0.0,44.0,2011
2016-03-29 08:00:00,20.571666666666662,47.312480054644816,207.34436510141705,704.4512086690747,0.0,0.0,1.0,0.0,44.0,2012
2016-03-29 08:10:00,20.577833333333334,47.394175000000004,206.72608333333335,709.2816666666666,2.0,4.0,1.0,0.0,44.0,2013
2016-03-29 08:20:00,20.675749999999994,48.30851666666666,206.798,709.0516666666665,2.0,4.0,1.0,0.0,44.0,2014
2016-03-29 08:30:00,20.736583333333332,48.70614562146893,210.89341666666672,743.5133333333331,2.0,4.0,1.0,0.0,44.0,2015
2016-03-29 08:40:00,20.78224999999999,48.67628333333333,215.15316666666655,792.7908333333332,2.0,4.0,1.0,0.0,44.0,2016
2016-03-29 08:50:00,20.705249999999985,47.96349305362601,212.09802445123643,706.7256779661018,0.0,0.0,1.0,0.0,44.0,2017
2016-03-29 09:00:00,20.696772988505735,47.50588542825362,212.33333333333334,702.9566666666669,0.0,0.0,1.0,0.0,44.0,2018
2016-03-29 09:10:00,20.683999999999987,47.21450833333334,213.72079301075274,714.9784946236559,0.0,0.0,1.0,0.0,45.0,2019
2016-03-29 09:20:00,20.793139628732852,47.70137023809524,218.01717514124292,794.3147457627118,2.0,1.0,1.0,0.0,45.0,2020
2016-03-29 09:30:00,20.76,47.828033333333366,216.0721428571428,737.2321428571425,0.0,0.0,1.0,0.0,45.0,2021
2016-03-29 10:10:00,20.671355932203376,46.45671186440679,213.83416666666668,719.1081967213113,0.0,0.0,1.0,0.0,46.0,2025
2016-03-29 10:20:00,20.665650537634402,46.32567500000002,215.6960134408602,725.7526344086021,0.0,0.0,1.0,0.0,46.0,2026
2016-03-29 10:30:00,20.67098360655737,46.38165312682643,224.1271844262296,810.8467759562843,0.0,0.0,1.0,0.0,46.0,2027
2016-03-29 10:40:00,20.80214890710382,46.46169166666666,245.1442500000002,1030.055,1.0,4.0,1.0,0.0,46.0,2028
2016-03-29 10:50:00,20.818826502732236,46.35158936781609,237.06104597701145,944.4130459770113,1.0,4.0,1.0,0.0,46.0,2029
2016-03-29 11:00:00,20.83455126424007,46.40775134408602,221.35566666666665,787.836559139785,1.0,4.0,1.0,0.0,46.0,2030
2016-03-29 11:10:00,20.819918079096045,46.16462058905251,222.63399043715845,789.3983333333335,0.0,0.0,1.0,0.0,46.0,2031
2016-03-29 11:20:00,20.834062500000005,45.601455126424,264.3808333333333,1167.5949999999998,0.0,0.0,1.0,0.0,46.0,2032
2016-03-29 11:30:00,20.83876082251082,45.385503225806445,272.6067499999999,1231.5782795698929,0.0,0.0,1.0,0.0,47.0,2033
2016-03-29 11:40:00,20.940508474576276,45.50665368852458,220.32747598870048,784.692429378531,2.0,4.0,1.0,0.0,47.0,2034
2016-03-29 11:50:00,20.83954292859129,45.46373592896175,217.64317310363987,745.5839830508473,0.0,0.0,1.0,0.0,47.0,2035
2016-03-29 12:00:00,20.82083333333334,45.052325,238.42916666666667,923.4883333333333,0.0,0.0,1.0,0.0,47.0,2036
2016-03-29 13:30:00,20.815416666666664,44.40430833333335,231.10808333333344,855.8300000000002,0.0,0.0,1.0,0.0,48.0,2045
2016-03-29 13:40:00,20.86200819672131,44.03807499999999,279.10725,1260.7450000000001,0.0,0.0,1.0,0.0,48.0,2046
2016-03-29 13:50:00,20.899749999999997,43.057500423728825,313.7697923728813,1555.1365536723165,0.0,0.0,1.0,0.0,48.0,2047
2016-03-29 14:00:00,21.000869047619048,42.621266666666656,297.17663095238095,1432.629841269841,1.0,1.0,1.0,0.0,48.0,2048
2016-03-29 14:10:00,21.09591666666667,42.94839166666667,308.98799999999994,1527.3916666666664,1.0,1.0,1.0,0.0,48.0,2049
2016-03-29 14:20:00,21.159416666666658,43.268,315.8638757062147,1592.3132513661203,1.0,1.0,1.0,0.0,48.0,2050
2016-03-29 14:30:00,21.180166666666658,43.507583898305086,298.79733333333337,1445.3966666666665,0.0,0.0,1.0,0.0,48.0,2051
2016-03-29 14:40:00,21.05874999999999,43.68295833333333,221.86908333333332,788.4400000000003,0.0,0.0,1.0,0.0,48.0,2052
2016-03-29 14:50:00,20.97605084745762,43.813674999999996,197.56012634408597,599.5543548387096,0.0,0.0,1.0,0.0,49.0,2053
2016-03-29 15:00:00,21.009336021505366,43.87653534482759,197.95456920903956,605.9324011299434,0.0,0.0,1.0,0.0,49.0,2054
2016-03-29 15:10:00,21.035868644067794,44.52353862183939,193.03183662128356,564.9366212836901,1.0,4.0,1.0,0.0,49.0,2055
2016-03-29 15:20:00,20.962916666666665,44.62161666666667,193.37974999999994,563.8833333333333,0.0,0.0,1.0,0.0,49.0,2056
2016-03-30 07:50:00,20.6295,47.56196153846153,189.857,542.3399999999999,0.0,0.0,1.0,0.0,50.0,2155
2016-03-30 08:00:00,20.719885183160194,47.5333052259887,192.2576216511756,546.365,0.0,0.0,1.0,0.0,50.0,2156
2016-03-30 08:10:00,20.786166666666677,47.63442499999999,194.53725000000009,544.7166666666667,0.0,0.0,1.0,0.0,50.0,2157
2016-03-30 08:20:00,20.89191666666667,48.15724999999999,194.4980778688525,554.0699999999999,2.0,4.0,1.0,0.0,50.0,2158
2016-03-30 08:30:00,20.988833333333332,49.026828107344656,192.4859489247313,546.9783333333332,2.0,4.0,1.0,0.0,50.0,2159
2016-03-30 08:40:00,21.03677298850574,49.54729420903957,193.34741666666682,549.8149999999999,2.0,4.0,1.0,0.0,50.0,2160
2016-03-30 08:50:00,20.99516666666667,49.518024999999994,193.89640350877198,546.2855472013366,0.0,0.0,1.0,0.0,50.0,2161
2016-03-30 09:00:00,20.95389830508474,49.218741039177544,195.1857951977401,548.7514124293784,0.0,0.0,1.0,0.0,50.0,2162
2016-03-30 09:10:00,20.92683333333332,49.14772500000001,196.20074999999994,558.5854022988506,0.0,0.0,1.0,0.0,51.0,2163
2016-03-30 09:20:00,20.998934426229503,49.39854098360655,196.39671174863378,561.9962021857924,2.0,1.0,1.0,0.0,51.0,2164
2016-03-30 09:30:00,21.003750000000004,49.766340960451984,196.70058333333316,564.7649999999999,0.0,0.0,1.0,0.0,51.0,2165
2016-03-30 09:40:00,20.937166666666656,49.612933333333345,199.28668859649122,583.3808771929826,0.0,0.0,1.0,0.0,51.0,2166
2016-03-30 09:50:00,20.936916666666654,49.46169166666668,200.22616666666667,593.3233333333335,0.0,0.0,1.0,0.0,51.0,2167
2016-03-30 10:00:00,20.948833333333326,49.35624782608694,202.27500000000003,611.6278142076503,0.0,0.0,1.0,0.0,51.0,2168
2016-03-30 10:20:00,20.931475409836064,49.46264516129031,200.07133333333329,591.0999999999999,0.0,0.0,1.0,0.0,52.0,2170
2016-03-30 10:30:00,20.928405367231633,49.52818333333333,203.44011808835796,623.6406223951097,0.0,0.0,1.0,0.0,52.0,2171
2016-03-30 10:40:00,21.015333333333324,49.78526206896553,199.60287178786223,601.4116457080373,1.0,4.0,1.0,0.0,52.0,2172
2016-03-30 10:50:00,21.109416666666675,50.154224999999975,205.84475,653.3533333333334,1.0,4.0,1.0,0.0,52.0,2173
2016-03-30 11:00:00,21.143833333333333,50.407258333333345,209.57108333333326,690.3424863387977,1.0,4.0,1.0,0.0,52.0,2174
2016-03-30 11:10:00,21.133000000000006,50.60738456284153,194.9646666666667,561.5456284153006,1.0,2.0,1.0,0.0,52.0,2175
2016-03-30 11:20:00,21.041333333333327,50.65020833333334,190.5768290960452,543.6705376344087,0.0,0.0,1.0,0.0,52.0,2176
2016-03-30 11:30:00,21.050423728813556,50.50832500000001,191.22675000000007,545.3670967741936,0.0,0.0,1.0,0.0,52.5,2177
2016-03-30 11:40:00,21.040249999999993,50.45755607344633,191.99302966101703,546.1815027322405,0.0,0.0,1.0,0.0,53.0,2178
2016-03-30 11:50:00,21.154666666666675,51.04867485875705,190.78524590163937,551.1449717514124,2.0,4.0,1.0,0.0,53.0,2179
2016-03-30 12:00:00,21.071666666666665,51.14244166666667,195.98439247311833,555.2966666666666,0.0,0.0,1.0,0.0,53.0,2180
2016-03-30 12:10:00,21.0265,50.97870000000001,195.4998333333332,551.08,0.0,0.0,1.0,0.0,53.0,2181
2016-03-30 13:30:00,21.188870967741924,50.66900000000001,205.37000000000003,632.694915254237,0.0,0.0,1.0,0.0,54.0,2189
2016-03-30 13:40:00,21.175349462365592,50.7392977036632,204.91289775833803,627.2665254237288,0.0,0.0,1.0,0.0,54.0,2190
2016-03-30 13:50:00,21.162115282919093,50.78520141242937,208.81523742227245,650.3546774193546,0.0,0.0,1.0,0.0,54.0,2191
2016-03-30 14:00:00,21.215298850574698,51.059416017797545,203.61509699453546,612.7796777840588,1.0,1.0,1.0,0.0,54.0,2192
2016-03-30 14:10:00,21.272550847457623,51.26979480874318,199.05934822845055,574.1813559322034,1.0,1.0,1.0,0.0,54.0,2193
2016-03-30 14:20:00,21.333500000000015,51.40032499999999,202.07826412429367,591.4833333333333,1.0,1.0,1.0,0.0,54.0,2194
2016-03-30 14:30:00,21.33846468926555,51.40492622950818,205.09737288135597,610.9644632768361,0.0,0.0,1.0,0.0,54.0,2195
2016-03-30 14:40:00,21.301847457627115,51.32444819573538,212.87934180790955,672.8292655367234,0.0,0.0,1.0,0.0,54.0,2196
2016-03-30 14:50:00,21.283137931034474,51.27241984126984,206.75114130434787,621.8950000000002,0.0,0.0,1.0,0.0,55.0,2197
2016-03-30 15:00:00,21.25772598870056,51.29699443826475,199.75233333333347,561.0271751412429,0.0,0.0,1.0,0.0,55.0,2198
2016-03-30 15:10:00,21.228849726775945,51.33751666666665,195.62949999999995,544.0028735632184,0.0,0.0,1.0,0.0,55.0,2199
2016-03-30 15:20:00,21.28256034482758,51.6020142736009,195.41209482758615,537.3566666666668,1.0,4.0,1.0,0.0,55.0,2200
2016-03-30 15:30:00,21.299663189269737,51.73471311475412,198.95445663670014,555.812183908046,0.0,0.0,1.0,0.0,55.0,2201
2016-03-31 07:40:00,21.046000000000006,53.86803149717515,223.11833333333334,770.0877595628414,0.0,0.0,1.0,0.0,56.0,2298
2016-03-31 07:50:00,21.040250000000015,53.8704857526882,216.16272131147548,663.8936781609195,0.0,0.0,1.0,0.0,56.0,2299
2016-03-31 08:00:00,21.041071130869692,53.91938073770493,220.0185689655172,726.1464480874316,0.0,0.0,1.0,0.0,56.0,2300
2016-03-31 08:10:00,21.087844632768366,54.019241525423716,221.12160928961742,740.5245901639348,2.0,1.0,1.0,0.0,56.0,2301
2016-03-31 08:20:00,21.23547908422838,54.69397781232334,221.74614754098377,742.8213948318979,2.0,1.0,1.0,0.0,56.0,2302
2016-03-31 08:30:00,21.31590027322405,55.20997853107346,221.82006575102287,742.0934541203976,2.0,1.0,1.0,0.0,56.0,2303
2016-03-31 08:40:00,21.356557377049192,55.44828079096047,221.82869623655918,742.071505376344,1.0,0.5,1.0,0.0,56.0,2304
2016-03-31 08:50:00,21.29172131147541,55.215729508196745,223.32620972300742,748.8083606557382,0.0,0.0,1.0,0.0,56.0,2305
2016-03-31 09:00:00,21.27951960784314,54.97066525423729,224.5516224712959,764.8770092946967,0.0,0.0,1.0,0.0,56.5,2306
2016-03-31 09:10:00,21.26957071408725,54.891733537093636,224.01652679059586,751.4590163934427,0.0,0.0,1.0,0.0,57.0,2307
2016-03-31 09:20:00,21.351250000000004,55.009025537634415,227.6562697253068,782.1776604612393,1.0,1.0,1.0,0.0,57.0,2308
2016-03-31 09:30:00,21.326065573770496,54.93900000000002,234.552372881356,866.9050847457625,0.0,0.0,1.0,0.0,57.0,2309
2016-03-31 10:40:00,21.43617021276596,54.70176595744683,227.4789361702128,726.114893617021,0.0,0.0,1.0,0.0,58.0,2316
2016-03-31 10:50:00,21.43651014170603,54.737483050847445,230.52855790960456,756.2971751412429,0.0,0.0,1.0,0.0,58.0,2317
2016-03-31 11:00:00,21.60647540983608,55.04774110169493,265.4942655367231,1098.7290811775197,1.0,1.0,1.0,0.0,58.0,2318
2016-03-31 11:10:00,21.57317896174864,55.233674999999984,244.63083333333333,871.5875136612021,0.0,0.0,1.0,0.0,58.0,2319
2016-03-31 11:20:00,21.57212121212121,55.19195909090908,276.87090151515156,1182.1337878787883,0.0,0.0,1.0,0.0,58.0,2320
2016-03-31 13:10:00,22.086842105263155,54.23319230769232,286.7426923076923,1245.816483516483,0.0,0.0,1.0,0.0,59.0,2331
2016-03-31 13:20:00,22.138836630036643,54.103706252510335,295.8836263736264,1327.6769530469533,0.0,0.0,1.0,0.0,59.0,2332
2016-03-31 13:30:00,22.20180270128661,54.05062250495705,322.20955056179776,1531.0134650235598,0.0,0.0,1.0,0.0,59.0,2333
2016-03-31 13:40:00,22.23033880410787,53.929394514423734,315.7827988927129,1486.9943608706617,0.0,0.0,1.0,0.0,59.0,2334
2016-03-31 13:50:00,22.249938032767062,54.28460516292844,232.59739842047924,812.6536170212764,2.0,1.0,1.0,0.0,59.0,2335
2016-03-31 14:00:00,22.292572801635977,54.714137443103056,224.3437080759553,752.4022023142966,2.0,1.0,1.0,0.0,59.0,2336
2016-03-31 14:10:00,22.30876534099736,54.856188487282424,240.33634447455594,890.7098012646791,2.0,1.0,1.0,0.0,59.0,2337
2016-03-31 14:20:00,22.33927145051568,54.84669222743867,276.6916550494733,1184.9183912190038,0.0,0.0,1.0,0.0,59.0,2338
2016-03-31 14:30:00,22.3247232884802,54.32300591446768,301.9895998504114,1388.1710804901904,0.0,0.0,1.0,0.0,59.0,2339
2016-03-31 14:40:00,22.378225806451617,53.81969354838709,300.57661290322585,1357.3709677419354,0.0,0.0,1.0,0.0,59.0,2340
2016-04-01 07:40:00,21.144833333333327,51.94255,194.52349999999996,518.8799999999999,0.0,0.0,0.0,0.0,35.0,2442
2016-04-01 07:50:00,21.161675141242938,51.96557937853108,195.97716666666673,523.4020338983051,0.0,0.0,0.0,0.0,35.0,2443
2016-04-01 08:00:00,21.17733333333333,51.939733333333336,198.66758333333343,541.6883333333333,0.0,0.0,0.0,0.0,35.0,2444
2016-04-01 08:10:00,21.215416666666663,51.911583333333354,201.92724999999996,569.0583333333336,0.0,0.0,0.0,0.0,35.0,2445
2016-04-01 08:20:00,21.293333333333344,51.92163333333333,199.99983333333327,563.5793103448277,1.0,3.0,0.0,0.0,35.0,2446
2016-04-01 08:30:00,21.37816666666665,52.38205833333333,200.32866120218574,563.96,1.0,3.0,0.0,0.0,35.0,2447
2016-04-01 08:40:00,21.432301724137933,52.88554166666667,203.16633333333328,588.1099999999999,1.0,4.0,0.0,0.0,35.0,2448
2016-04-01 08:50:00,21.448999999999998,53.13639195402299,200.7134166666666,568.6220634920635,1.0,4.0,0.0,0.0,35.0,2449
2016-04-01 09:00:00,21.47868296749097,53.38549096045199,202.4041666666666,584.9166384180792,1.0,4.0,0.0,0.0,35.0,2450
2016-04-01 09:10:00,21.52933333333334,53.56397500000001,198.31125000000006,550.8883333333334,1.0,2.0,0.0,0.0,35.0,2451
2016-04-01 09:20:00,21.501749999999994,53.539596994535515,201.3685833333333,569.0966666666667,0.0,0.0,0.0,0.0,35.0,2452
2016-04-01 09:30:00,21.46625,53.33960833333337,200.7260833333333,560.28,0.0,0.0,0.0,0.0,35.0,2453
2016-04-01 09:40:00,21.489416666666664,52.88990833333334,200.36933333333334,557.0216666666666,0.0,0.0,0.0,0.0,35.0,2454
2016-04-01 09:50:00,21.48950423728813,52.565790395480235,200.37542372881353,554.6066666666666,0.0,0.0,0.0,0.0,35.0,2455
2016-04-01 10:00:00,21.48549999999999,52.41728333333334,201.83216666666655,570.4000000000001,0.0,0.0,0.0,0.0,35.0,2456
2016-04-04 07:40:00,21.620476190476182,52.27766666666668,206.66571428571427,633.9238095238094,0.0,0.0,0.0,0.0,36.0,2874
2016-04-04 07:50:00,21.64066666666666,52.278125,205.2378333333333,617.0899999999998,0.0,0.0,0.0,0.0,36.0,2875
2016-04-04 08:00:00,21.68999999999999,52.10171666666667,206.47433333333316,623.9133333333332,0.0,0.0,0.0,0.0,36.0,2876
2016-04-04 08:10:00,21.70324999999999,52.016733333333356,209.15408333333332,637.2916666666665,0.0,0.0,0.0,0.0,36.0,2877
2016-04-04 08:20:00,21.714300546448072,51.965250000000026,211.6918333333334,661.5033898305085,0.0,0.0,0.0,0.0,36.0,2878
2016-04-04 08:30:00,21.848085076314305,52.44900890333521,213.75221174863387,683.1455059355567,1.0,3.0,0.0,0.0,36.0,2879
2016-04-04 08:40:00,21.930833333333336,52.81004166666668,217.84508333333332,718.1750000000001,1.0,1.0,0.0,0.0,36.0,2880
2016-04-04 08:50:00,21.96226312864684,53.138525006946395,219.04840650180606,722.4338983050845,1.0,1.0,0.0,0.0,36.0,2881
2016-04-04 09:00:00,22.051347457627116,53.425711581920915,221.5114166666666,749.3789830508474,1.0,1.0,0.0,0.0,36.0,2882
2016-04-04 09:10:00,22.069833333333335,53.74565614754099,223.02745903954798,761.031038251366,1.0,3.0,0.0,0.0,36.0,2883
2016-04-04 09:20:00,22.089238700564977,53.88635833333334,226.95178389830517,794.2796610169491,1.0,2.0,0.0,0.0,36.0,2884
2016-04-04 09:30:00,22.058749999999993,53.91965833333332,230.5972500000002,820.065,0.0,0.0,0.0,0.0,36.0,2885
2016-04-04 09:40:00,22.061833333333333,53.62146666666666,236.64818989071034,881.7219672131149,0.0,0.0,0.0,0.0,36.0,2886
2016-04-04 09:50:00,22.080742937853106,53.33975409604518,241.97196860238955,936.3683333333333,0.0,0.0,0.0,0.0,36.0,2887
2016-04-04 10:00:00,22.117468926553677,53.14920150273227,250.0681008613504,1013.4238399555433,0.0,0.0,0.0,0.0,36.0,2888
2016-04-04 10:10:00,22.164583333333333,52.96427598870061,256.57124999999996,1070.7266666666667,0.0,0.0,0.0,0.0,37.0,2889
2016-04-04 10:20:00,22.168499999999998,52.911676129943515,246.61874999999998,956.6466666666665,0.0,0.0,0.0,0.0,37.0,2890
2016-04-04 10:30:00,22.198996943595432,52.863224999999986,250.70591969991665,984.9662128368993,0.0,0.0,0.0,0.0,37.0,2891
2016-04-04 10:40:00,22.269583333333337,53.345958333333336,248.1431666666668,979.1100000000001,2.0,3.0,0.0,0.0,37.0,2892
2016-04-04 10:50:00,22.44607807724368,55.0839144206724,251.5329726775957,1010.2121584699453,2.0,3.0,0.0,0.0,37.0,2893
2016-04-04 11:00:00,22.538669074742984,56.28956460127813,261.1065490414004,1081.0830786329534,2.0,2.0,0.0,0.0,37.0,2894
2016-04-04 11:10:00,22.539384551264234,56.710978883023074,271.92996751412426,1150.1514587385386,0.0,0.0,0.0,0.0,37.0,2895
2016-04-04 11:20:00,22.486934426229496,56.10345819672132,275.5091120689655,1172.1623224043713,0.0,0.0,0.0,0.0,37.0,2896
2016-04-04 11:30:00,22.497304025423727,55.71160655737706,282.17162499999995,1226.8438012295082,0.0,0.0,0.0,0.0,38.0,2897
2016-04-04 11:40:00,22.51567101972769,55.31316200564973,287.21817486338807,1272.168333333333,0.0,0.0,0.0,0.0,38.0,2898
2016-04-04 11:50:00,22.61933333333335,55.18714918176505,288.84425956284156,1286.3064207650273,1.0,1.0,0.0,0.0,38.0,2899
2016-04-04 12:00:00,22.579897286821712,55.120231497175126,280.1969153005465,1210.1575683060112,0.0,0.0,0.0,0.0,38.0,2900
2016-04-04 13:30:00,22.80580645161289,53.62770967741934,244.0559677419356,884.164516129032,0.0,0.0,0.0,0.0,39.0,2909
2016-04-04 13:40:00,22.876792164490155,53.442177595628436,324.07450819672124,1558.0381494859685,0.0,0.0,0.0,0.0,39.0,2910
2016-04-04 13:50:00,22.93241666666667,53.47126666666667,322.019637978142,1551.6534637757802,1.0,3.0,0.0,0.0,39.0,2911
2016-04-04 14:00:00,23.064031675465408,53.979781606001694,319.45594120972294,1544.0962021857927,1.0,3.0,0.0,0.0,39.0,2912
2016-04-04 14:10:00,23.10350000000001,54.692400508762006,266.6786660497091,1095.4044949762028,1.0,2.5,0.0,0.0,39.0,2913
2016-04-04 14:20:00,23.120254237288144,54.8904747129579,290.5479560622914,1331.389367816092,1.0,1.0,0.0,0.0,39.0,2914
2016-04-04 14:30:00,23.076032786885257,54.7147176229508,303.51397610447344,1425.409502639622,0.0,0.0,0.0,0.0,39.0,2915
2016-04-04 14:40:00,23.12141666666668,54.40025027322402,331.26124999999996,1639.8384153005466,0.0,0.0,0.0,0.0,39.0,2916
2016-04-04 14:50:00,23.158414905450513,54.04799390243903,330.7039207317072,1636.8632520325202,0.0,0.0,0.0,0.0,40.0,2917
2016-04-04 15:00:00,23.161065573770507,53.99859166666667,306.16263258611264,1420.5650082012028,0.0,0.0,0.0,0.0,40.0,2918
2016-04-04 15:10:00,23.152878577382626,53.96391525423729,253.04439830508474,976.2194067796612,0.0,0.0,0.0,0.0,40.0,2919
2016-04-04 15:20:00,23.204002816180235,55.226070158377325,229.7811645236704,792.2807714786675,2.0,1.0,0.0,0.0,40.0,2920
2016-04-04 15:30:00,23.17144067796611,55.25314880952381,274.27607909604524,1164.9467514124294,0.0,0.0,0.0,0.0,40.0,2921
2016-04-05 10:30:00,22.64458333333333,53.423616666666646,264.2869166666668,1127.1149999999998,0.0,0.0,0.0,0.0,41.0,3035
2016-04-05 10:40:00,22.6845587431694,53.42220000000002,265.8956581920904,1129.2811581920903,0.0,0.0,0.0,0.0,41.0,3036
2016-04-05 10:50:00,22.721999999999998,53.42238333333329,271.84558333333337,1191.5533333333333,0.0,0.0,0.0,0.0,41.0,3037
2016-04-05 11:00:00,22.74958333333333,53.41494999999998,271.8815000000001,1174.3033333333328,0.0,0.0,0.0,0.0,41.0,3038
2016-04-05 11:10:00,22.885565573770485,54.3422475409836,255.72179644808747,1041.7529508196722,2.0,3.0,0.0,0.0,41.0,3039
2016-04-05 11:20:00,23.016000000000005,55.899433333333334,252.95225,1036.2649999999999,2.0,3.0,0.0,0.0,41.0,3040
2016-04-05 11:30:00,23.08141666666667,56.77265,245.2739166666667,961.0933333333332,2.0,4.0,0.0,0.0,41.0,3041
2016-04-05 11:40:00,23.118583333333337,57.239383333333336,256.5241666666667,1051.6750000000002,2.0,4.0,0.0,0.0,41.0,3042
2016-04-05 11:50:00,23.186166666666658,57.449041666666645,281.44016666666664,1249.7816666666672,2.0,4.0,0.0,0.0,41.0,3043
2016-04-05 12:00:00,23.29383333333334,57.87994166666666,280.4283333333333,1247.75,2.0,2.0,0.0,0.0,41.0,3044
2016-04-05 12:10:00,23.23724999999999,58.00379166666668,246.99958333333333,959.0616666666667,0.0,0.0,0.0,0.0,41.0,3045
2016-04-05 12:20:00,23.16425,57.68758333333335,258.4404166666667,1059.9933333333333,0.0,0.0,0.0,0.0,41.0,3046
2016-04-05 12:30:00,23.16258333333334,57.33553333333332,276.16683333333333,1212.2916666666665,0.0,0.0,0.0,0.0,41.0,3047
2016-04-05 12:40:00,23.208249999999996,56.88875833333333,296.881,1369.1133333333332,0.0,0.0,0.0,0.0,41.0,3048
2016-04-05 12:50:00,23.230416666666656,56.58732499999999,295.44116666666685,1357.8433333333332,0.0,0.0,0.0,0.0,42.0,3049
2016-04-05 13:00:00,23.258249999999997,56.292383333333305,306.73850000000004,1442.9816666666666,0.0,0.0,0.0,0.0,42.0,3050
2016-04-05 13:10:00,23.292999999999996,56.01122500000001,315.66625,1506.998333333333,0.0,0.0,0.0,0.0,42.0,3051
2016-04-05 13:20:00,23.302083333333325,55.885000000000005,279.1786666666667,1208.688333333333,1.0,0.0,0.0,0.0,42.0,3052
2016-04-05 13:30:00,23.426032485875705,56.52390833333334,258.75025000000005,1061.565,2.0,2.0,0.0,0.0,42.0,3053
2016-04-05 13:40:00,23.488166666666665,57.048641666666676,298.4881666666667,1386.286666666667,2.0,4.0,0.0,0.0,42.0,3054
2016-04-05 13:50:00,23.512583333333335,57.530416666666675,286.2780241935484,1284.6711827956988,2.0,4.0,0.0,0.0,42.0,3055
2016-04-05 14:00:00,23.531916666666667,57.937844915254246,269.52700000000004,1148.8177192982457,2.0,4.0,0.0,0.0,42.0,3056
2016-04-05 14:10:00,23.61633333333333,58.292474999999996,270.08316666666667,1173.1916666666666,2.0,3.0,0.0,0.0,42.0,3057
2016-04-05 14:20:00,23.6777896637955,58.663633469945346,275.620575136612,1218.9371584699456,2.0,3.0,0.0,0.0,42.0,3058
2016-04-05 14:30:00,23.618300546448076,58.45719139784947,284.9930806451613,1276.2848387096774,0.0,0.0,0.0,0.0,42.0,3059
2016-04-05 14:40:00,23.553333333333338,58.055841666666666,277.08325,1210.1066666666668,0.0,0.0,0.0,0.0,42.0,3060
2016-04-05 14:50:00,23.50058333333333,57.627775000000014,232.10708333333332,829.9549999999999,0.0,0.0,0.0,0.0,42.0,3061
2016-04-05 15:00:00,23.42733333333334,57.53911666666668,210.0955,653.3533333333332,0.0,0.0,0.0,0.0,42.0,3062
2016-04-06 07:40:00,22.071016949152536,55.22342307692308,212.5762295081968,641.5868852459017,0.0,0.0,0.0,0.0,43.0,3162
2016-04-06 07:50:00,22.110051075268835,55.11671666666666,217.94093279569887,678.1747849462367,0.0,0.0,0.0,0.0,43.0,3163
2016-04-06 08:00:00,22.185262295081966,54.96532261904761,220.93736475409827,709.861738875878,0.0,0.0,0.0,0.0,43.0,3164
2016-04-06 08:10:00,22.240752732240423,54.77088333333334,226.74908879781418,787.6525956284154,0.0,0.0,0.0,0.0,43.0,3165
2016-04-06 08:20:00,22.305495901639333,54.84837741935483,225.4146892655367,790.6009604519772,1.0,2.0,0.0,0.0,43.0,3166
2016-04-06 08:30:00,22.406582313681874,54.92978544525154,221.64644067796615,737.2084745762713,1.0,4.0,0.0,0.0,43.0,3167
2016-04-06 08:40:00,22.4406898907104,55.20696079234973,231.01184195402305,848.4513150204558,1.0,4.0,0.0,0.0,43.0,3168
2016-04-06 08:50:00,22.4703236607143,55.40807076271186,223.33695991390903,732.85243302351,1.0,4.0,0.0,0.0,43.0,3169
2016-04-06 09:00:00,22.46827322404372,55.486196994535504,217.6103444505194,658.8915254237288,1.0,3.5,0.0,0.0,43.0,3170
2016-04-06 09:10:00,22.505393442622953,55.61926666666667,229.37446360153257,796.0373015873015,1.0,3.0,0.0,0.0,43.0,3171
2016-04-06 09:20:00,22.53985539488321,55.61861370967741,234.232755839822,864.2397107897664,1.0,3.0,0.0,0.0,43.0,3172
2016-04-06 09:30:00,22.520659977388355,55.29499971735444,236.9823275862069,841.5105172413794,0.0,0.0,0.0,0.0,43.0,3173
2016-04-06 09:40:00,22.507563218390803,54.90087323346522,235.0760114942529,811.2615517241377,0.0,0.0,0.0,0.0,43.0,3174
2016-04-06 09:50:00,22.50393678160919,54.610174999999984,235.20116666666655,813.4496721311476,0.0,0.0,0.0,0.0,43.0,3175
2016-04-06 10:00:00,22.508099385245895,54.4267856045082,244.6322387295082,911.4810450819673,0.0,0.0,0.0,0.0,43.0,3176
